source_url,homepage_url
http://www.roadrun.co.kr/schedule/view.php?no=41256,http://k-marathon.or.kr
http://www.roadrun.co.kr/schedule/view.php?no=41257,http://kw-marathon.com/
http://www.roadrun.co.kr/schedule/view.php?no=41259,http://marathon.jtbc.com/
http://www.roadrun.co.kr/schedule/view.php?no=41264,http://www.jeongnamjin.net
http://www.roadrun.co.kr/schedule/view.php?no=41269,http://mara1080.com/event/e40f1082-eb59-40b3-9fbe-b05afe6bf741
http://www.roadrun.co.kr/schedule/view.php?no=41261,http://www.cuk-sports.co.kr/apply/mudeugnsan_2026/
http://www.roadrun.co.kr/schedule/view.php?no=41265,http://run.ksilbo.co.kr
http://www.roadrun.co.kr/schedule/view.php?no=41254,http://koreatrail.net
http://www.roadrun.co.kr/schedule/view.php?no=41258,http://beachultra.kr
http://www.roadrun.co.kr/schedule/view.php?no=41268,http://yeongammrathon.kr
http://www.roadrun.co.kr/schedule/view.php?no=41267,http://urfesta.com
http://www.roadrun.co.kr/schedule/view.php?no=41130,http://r.dgrunner.co.kr
http://www.roadrun.co.kr/schedule/view.php?no=41158,http://ysmarathon.co.kr/
http://www.roadrun.co.kr/schedule/view.php?no=41159,http://www.run1080.com/new/mini/index.php?code=1523
http://www.roadrun.co.kr/schedule/view.php?no=41214,http://runable.me/product/3182?comp=3176
http://www.roadrun.co.kr/schedule/view.php?no=41250,http://kihogprun.co.kr/
http://www.roadrun.co.kr/schedule/view.php?no=41266,http://runten.co.kr
http://www.roadrun.co.kr/schedule/view.php?no=41186,http://www.gumimarathon.com
http://www.roadrun.co.kr/schedule/view.php?no=41260,http://xn--js0bk9fwvdgzcd5e88r2kcx06a.kr/
http://www.roadrun.co.kr/schedule/view.php?no=41211,http://www.cngmarathon.co.kr
http://www.roadrun.co.kr/schedule/view.php?no=41202,http://hcmrt.or.kr
http://www.roadrun.co.kr/schedule/view.php?no=41242,http://www.sobaekmarathon.go.kr
http://www.roadrun.co.kr/schedule/view.php?no=41263,http://www.najurun.kr
http://www.roadrun.co.kr/schedule/view.php?no=41196,http://mara1080.com/event/b2dd5c44-a875-484a-b2b5-38b21977e56b
http://www.roadrun.co.kr/schedule/view.php?no=41241,http://ynmarathon.kr
http://www.roadrun.co.kr/schedule/view.php?no=41073,http://www.badarun.co.kr
http://www.roadrun.co.kr/schedule/view.php?no=41169,http://imdorun.creatorlink.net/
http://www.roadrun.co.kr/schedule/view.php?no=41182,http://xn--zl2bt5ndwfh3g20k.kr/
http://www.roadrun.co.kr/schedule/view.php?no=41195,http://jcaaf.com
http://www.roadrun.co.kr/schedule/view.php?no=41213,http://runable.me/product/3212?comp=3203
http://www.roadrun.co.kr/schedule/view.php?no=41183,http://mcrace.co.kr/
http://www.roadrun.co.kr/schedule/view.php?no=41218,http://koreatrail.net
http://www.roadrun.co.kr/schedule/view.php?no=41222,http://flipay.cnpartners.kr/?eventUid=646&academyUid=681&userUid=577252
http://www.roadrun.co.kr/schedule/view.php?no=41208,http://snowtrail.kr
http://www.roadrun.co.kr/schedule/view.php?no=41131,http://www.run1080.com/new/mini/index.php?code=1520
http://www.roadrun.co.kr/schedule/view.php?no=41164,http://seoulhalfrun.kr/
http://www.roadrun.co.kr/schedule/view.php?no=41166,http://recyclerun.kr/
http://www.roadrun.co.kr/schedule/view.php?no=41247,http://woozy-lint-81b.notion.site/2c5fc7db1f9580c0b81af74c94794eb6?source=copy_link
http://www.roadrun.co.kr/schedule/view.php?no=41227,http://youngrun.kr/
http://www.roadrun.co.kr/schedule/view.php?no=41204,http://www.irunman.kr
http://www.roadrun.co.kr/schedule/view.php?no=41083,http://www.run1080.com/new/mini/index.php?code=1518
http://www.roadrun.co.kr/schedule/view.php?no=41024,http://dkrun.co.kr
http://www.roadrun.co.kr/schedule/view.php?no=41184,http://bostonrun.kr/
http://www.roadrun.co.kr/schedule/view.php?no=41219,http://www.run1080.com/new/mini/index.php?code=1527
http://www.roadrun.co.kr/schedule/view.php?no=41187,http://www.ggimarathon.com
http://www.roadrun.co.kr/schedule/view.php?no=41097,http://www.miryangmarathon.com
http://www.roadrun.co.kr/schedule/view.php?no=41084,http://www.run1080.com/new/mini/index.php?code=1517
http://www.roadrun.co.kr/schedule/view.php?no=41037,http://daegu.go.kr/daegumarathon/
http://www.roadrun.co.kr/schedule/view.php?no=41103,http://koreatrail.net
http://www.roadrun.co.kr/schedule/view.php?no=41245,http://www.koreaopenrace.com
http://www.roadrun.co.kr/schedule/view.php?no=41225,http://marathon-mbngj.com
http://www.roadrun.co.kr/schedule/view.php?no=41224,http://bskrun.co.kr/
http://www.roadrun.co.kr/schedule/view.php?no=40798,http://seoul-marathon.com
http://www.roadrun.co.kr/schedule/view.php?no=41238,http://www.incheonmarathon.co.kr/
http://www.roadrun.co.kr/schedule/view.php?no=41215,http://seoulmarathon.org/main.php
http://www.roadrun.co.kr/schedule/view.php?no=41212,http://www.ulsanmaeilmara.com/html/00_main/main.php
http://www.roadrun.co.kr/schedule/view.php?no=41145,http://www.goyangmarathon.com/
http://www.roadrun.co.kr/schedule/view.php?no=41203,http://sjmelon.kr/
http://www.roadrun.co.kr/schedule/view.php?no=41229,http://jirisanrace.com/
http://www.roadrun.co.kr/schedule/view.php?no=41102,http://koreatrail.net
http://www.roadrun.co.kr/schedule/view.php?no=41230,http://mara1080.com/event/7284aebc-502f-406a-95e5-a43a70893547
http://www.roadrun.co.kr/schedule/view.php?no=41243,http://www.masanmarathon.or.kr/
http://www.roadrun.co.kr/schedule/view.php?no=41228,http://www.cherrymarathon.co.kr
http://www.roadrun.co.kr/schedule/view.php?no=41168,http://www.samilrun.com/
http://www.roadrun.co.kr/schedule/view.php?no=41244,http://marathon-mbnyj.com
http://www.roadrun.co.kr/schedule/view.php?no=41197,http://ycrun.com
http://www.roadrun.co.kr/schedule/view.php?no=41221,http://surally2406.webmaker21.kr/competition/outline?ca_id=01&wm_id=19
http://www.roadrun.co.kr/schedule/view.php?no=41249,http://danyangmarathon.kr
http://www.roadrun.co.kr/schedule/view.php?no=41237,http://cprun222k.com
http://www.roadrun.co.kr/schedule/view.php?no=41206,http://phrun.co.kr/
http://www.roadrun.co.kr/schedule/view.php?no=41189,http://www.seoulhalfmarathon.com
http://www.roadrun.co.kr/schedule/view.php?no=41104,http://koreatrail.net
http://www.roadrun.co.kr/schedule/view.php?no=41105,http://koreatrail.net
http://www.roadrun.co.kr/schedule/view.php?no=41226,http://gunsanmarathon.com
http://www.roadrun.co.kr/schedule/view.php?no=41240,http://www.gnmarathon.co.kr
http://www.roadrun.co.kr/schedule/view.php?no=41201,http://cndu.org
http://www.roadrun.co.kr/schedule/view.php?no=41026,http://soaam.runningdr.co.kr/
http://www.roadrun.co.kr/schedule/view.php?no=41246,http://samsamis.com
http://www.roadrun.co.kr/schedule/view.php?no=41136,http://www.runmp.kr
http://www.roadrun.co.kr/schedule/view.php?no=41137,http://www.ujrun.kr
http://www.roadrun.co.kr/schedule/view.php?no=41223,http://koreatrail.net
http://www.roadrun.co.kr/schedule/view.php?no=41192,http://koreatrail.net
http://www.roadrun.co.kr/schedule/view.php?no=41106,http://koreatrail.net
http://www.roadrun.co.kr/schedule/view.php?no=41160,http://koreatrail.net
http://www.roadrun.co.kr/schedule/view.php?no=41032,http://amarunsb.com/
http://www.roadrun.co.kr/schedule/view.php?no=41191,http://koreatrail.net
http://www.roadrun.co.kr/schedule/view.php?no=41140,http://koreatrail.net
http://www.roadrun.co.kr/schedule/view.php?no=41239,http://marathon.jejumbc.com/
http://www.roadrun.co.kr/schedule/view.php?no=41234,http://dhultra.kr
http://www.roadrun.co.kr/schedule/view.php?no=41253,http://cafe.naver.com/matrailrun/?viewType=pc
http://www.roadrun.co.kr/schedule/view.php?no=41235,http://www.oxfamtrailwalker.or.kr/ko/
http://www.roadrun.co.kr/schedule/view.php?no=41162,http://www.djmmrun.co.kr/index.php
http://www.roadrun.co.kr/schedule/view.php?no=41165,http://mara1080.com/event/250b9e58-2837-4479-ad5d-cd989951075f?color=blue
http://www.roadrun.co.kr/schedule/view.php?no=41094,http://osk.run/
http://www.roadrun.co.kr/schedule/view.php?no=41236,http://www.chultra.kr/
http://www.roadrun.co.kr/schedule/view.php?no=41251,http://31marathon.kr/
http://www.roadrun.co.kr/schedule/view.php?no=41133,http://yeonggwang.run1080.com/
http://www.roadrun.co.kr/schedule/view.php?no=41231,http://www.buanmarathon.kr
http://www.roadrun.co.kr/schedule/view.php?no=41248,http://mara1080.com/event/8921cdef-67fc-4e1c-9237-763520b90c80
http://www.roadrun.co.kr/schedule/view.php?no=41190,http://www.seoul-hangang.kr
